"Name","Team","G","PA","HR","R","RBI","SB","BB%","K%","ISO","BABIP","AVG","OBP","SLG","wOBA","wRC+","BsR","Off","Def","WAR","playerid"
"Mike Trout","Angels","157","716","27","109","97","33","15.4 %","19.0 %",".234",".376",".323",".432",".557",".423","176","7.8","70.1","3.3","10.5","10155"
"Andrew McCutchen","Pirates","157","674","21","97","84","27","11.6 %","15.0 %",".190",".353",".317",".404",".508",".393","156","6.2","48.9","9.3","8.4","9847"
"Josh Donaldson","Athletics","158","668","24","89","93","5","11.4 %","16.5 %",".199",".333",".301",".384",".499",".384","147","0.4","36.4","12.1","7.6","5038"
"Miguel Cabrera","Tigers","148","652","44","103","137","3","13.8 %","14.4 %",".288",".356",".348",".442",".636",".455","193","-6.2","62.4","-14.8","7.5","1744"
"Carlos Gomez","Brewers","147","590","24","80","73","40","6.3 %","24.7 %",".222",".344",".284",".338",".506",".363","128","6.2","25.0","26.5","7.4","4881"
"Chris Davis","Orioles","160","673","53","103","138","4","10.7 %","29.6 %",".348",".336",".286",".370",".634",".421","168","4.9","56.6","-13.5","7.0","9272"
"Matt Carpenter","Cardinals","157","717","11","126","78","3","10.0 %","13.7 %",".163",".359",".318",".392",".481",".381","146","4.2","41.4","1.3","6.9","8090"
"Evan Longoria","Rays","160","693","32","91","88","1","10.1 %","23.4 %",".230",".312",".269",".343",".498",".360","132","-2.7","22.3","15.3","6.5","9368"
"Paul Goldschmidt","Diamondbacks","160","710","36","103","125","15","13.9 %","20.4 %",".249",".343",".302",".401",".551",".404","156","-1.1","43.7","-7.0","6.2","9218"
"Manny Machado","Orioles","156","710","14","88","71","6","4.1 %","15.9 %",".148",".322",".283",".314",".432",".325","102","-1.1","0.3","33.6","6.2","11493"
"Joey Votto","Reds","162","726","24","101","73","6","18.6 %","19.0 %",".186",".360",".305",".435",".491",".400","155","-1.0","44.2","-10.1","6.0","4314"
"Shane Victorino","Red Sox","122","532","15","82","61","21","4.7 %","14.1 %",".157",".321",".294",".351",".451",".353","119","6.6","17.8","19.5","5.9","1677"
"Robinson Cano","Yankees","160","681","27","81","107","7","9.5 %","12.5 %",".202",".327",".314",".383",".516",".384","143","-4.3","29.3","2.5","5.8","3269"
"Jacoby Ellsbury","Red Sox","134","636","9","92","53","52","7.4 %","14.5 %",".128",".341",".298",".355",".426",".343","112","10.5","18.9","12.0","5.6","4727"
"Yadier Molina","Cardinals","136","541","12","68","80","3","5.5 %","10.2 %",".158",".338",".319",".359",".477",".362","133","-2.3","17.7","17.1","5.5","7007"
"Hunter Pence","Giants","162","687","27","91","99","22","7.6 %","16.7 %",".200",".308",".283",".339",".483",".356","135","5.6","32.3","-1.9","5.5","8252"
"Shin-Soo Choo","Reds","154","712","21","107","54","20","15.7 %","18.7 %",".178",".338",".285",".423",".462",".393","150","2.6","42.8","-13.3","5.5","3174"
"Troy Tulowitzki","Rockies","126","512","25","72","82","1","11.1 %","16.6 %",".229",".334",".312",".391",".540",".400","141","-1.6","21.8","11.9","5.3","3531"
"Joe Mauer","Twins","113","508","11","62","47","0","12.0 %","17.5 %",".153",".383",".324",".404",".476",".383","143","0.5","25.4","6.2","5.2","1857"
"Dustin Pedroia","Red Sox","160","724","9","91","84","17","10.1 %","10.4 %",".114",".326",".301",".372",".415",".347","114","-1.1","10.7","13.3","5.2","8370"
"Ben Zobrist","Rays","157","698","12","77","71","11","10.3 %","13.0 %",".127",".303",".275",".354",".402",".334","114","1.7","12.8","11.0","5.0","7435"
"Freddie Freeman","Braves","147","629","23","89","109","1","10.5 %","19.2 %",".181",".371",".319",".396",".501",".387","150","1.4","36.8","-8.7","5.0","5361"
"Adrian Beltre","Rangers","161","690","30","88","92","1","7.2 %","11.3 %",".193",".322",".315",".371",".509",".379","135","-3.2","24.2","-0.7","5.0","639"
"Buster Posey","Giants","148","595","15","61","72","2","10.1 %","11.8 %",".156",".312",".294",".371",".450",".357","135","-4.4","19.0","8.2","4.8","9166"
"Starling Marte","Pirates","135","566","12","83","35","41","4.4 %","24.4 %",".161",".363",".280",".343",".441",".344","122","8.6","22.9","4.9","4.8","9241"
"Ian Desmond","Nationals","158","655","20","77","80","21","6.6 %","22.1 %",".173",".336",".280",".331",".453",".341","116","1.9","13.4","11.6","4.8","6885"
"Jayson Werth","Nationals","129","532","25","84","82","10","11.3 %","19.0 %",".214",".358",".318",".398",".532",".403","159","1.5","36.7","-9.0","4.7","1327"
"Andrelton Simmons","Braves","157","658","17","76","59","6","6.1 %","8.4 %",".149",".247",".248",".296",".396",".303","91","-2.6","-9.0","31.6","4.5","10847"
"Jason Kipnis","Indians","149","658","17","86","84","30","11.6 %","21.7 %",".168",".345",".284",".366",".452",".357","127","4.5","24.4","-4.2","4.5","9776"
"Gerardo Parra","Diamondbacks","156","663","10","79","48","10","7.2 %","15.1 %",".135",".305",".268",".323",".403",".318","96","-1.3","-4.0","26.0","4.5","8553"
"Brandon Belt","Giants","150","571","17","76","67","5","9.1 %","21.9 %",".193",".351",".289",".360",".481",".365","140","2.5","28.5","-5.0","4.4","10264"
"Jose Bautista","Blue Jays","118","528","28","82","73","7","13.1 %","15.9 %",".239",".259",".259",".358",".498",".372","135","1.8","22.5","-0.5","4.3","1887"
"Adam Jones","Orioles","160","689","33","100","108","14","3.6 %","19.7 %",".208",".314",".285",".318",".493",".350","119","6.4","21.1","-4.9","4.2","6368"
"Jay Bruce","Reds","160","697","30","89","109","7","9.0 %","26.5 %",".216",".322",".262",".329",".478",".344","117","2.1","15.0","2.8","4.2","9892"
"Russell Martin","Pirates","127","506","15","51","55","9","11.5 %","21.3 %",".151",".266",".226",".327",".377",".315","102","-1.5","-0.1","22.7","4.1","4616"
"Matt Holliday","Cardinals","141","602","22","103","94","6","11.5 %","14.3 %",".190",".322",".300",".389",".490",".383","147","-1.1","30.9","-11.4","4.0","1873"
"Kyle Seager","Mariners","160","695","22","79","69","9","9.8 %","17.6 %",".166",".290",".260",".338",".426",".337","116","3.1","15.7","-1.3","4.0","9785"
"Edwin Encarnacion","Blue Jays","142","621","36","90","104","7","13.2 %","10.0 %",".262",".247",".272",".370",".534",".388","146","0.0","32.2","-15.9","4.0","2151"
"Marlon Byrd","- - -","147","579","24","75","88","2","5.4 %","24.9 %",".220",".353",".291",".336",".511",".364","137","-0.9","23.1","-3.7","3.9","950"
"Chase Utley","Phillies","131","531","18","73","69","8","8.5 %","14.9 %",".191",".305",".284",".348",".475",".356","126","1.2","17.0","3.3","3.9","1679"
"Mike Napoli","Red Sox","139","578","23","79","92","1","12.6 %","32.4 %",".223",".367",".259",".360",".482",".367","128","-1.2","17.5","-0.6","3.9","3057"
"Coco Crisp","Athletics","131","584","22","93","66","21","10.4 %","11.1 %",".183",".258",".261",".335",".444",".339","116","5.8","16.7","-0.5","3.8","1572"
"Alex Gordon","Royals","156","700","20","90","81","11","7.4 %","20.1 %",".156",".310",".265",".327",".422",".326","104","7.1","9.9","1.6","3.7","5209"
"Salvador Perez","Royals","138","526","13","48","79","0","4.0 %","12.0 %",".141",".311",".292",".323",".433",".329","106","-2.5","0.9","16.1","3.7","7304"
"Chris Denorfia","Padres","144","520","10","67","47","11","8.1 %","16.2 %",".116",".319",".279",".337",".395",".323","108","1.1","6.0","12.8","3.7","4400"
"Carlos Santana","Indians","154","642","20","75","74","3","14.5 %","17.1 %",".187",".301",".268",".377",".455",".364","132","-1.8","21.3","-9.2","3.6","2396"
"Yunel Escobar","Rays","153","578","9","61","56","4","9.9 %","12.6 %",".110",".281",".256",".332",".366",".311","98","-2.3","-3.4","17.5","3.6","4191"
"Chase Headley","Padres","141","600","13","59","50","8","11.2 %","23.7 %",".150",".319",".250",".347",".400",".330","113","-2.7","6.1","9.2","3.6","4720"
"Jean Segura","Brewers","146","623","12","74","49","44","4.0 %","13.5 %",".129",".326",".294",".329",".423",".329","105","5.1","8.3","5.3","3.5","5933"
"Jed Lowrie","Athletics","154","662","15","80","75","1","7.6 %","13.7 %",".156",".319",".290",".344",".446",".345","120","-1.8","13.6","-3.3","3.5","4418"
"Brett Gardner","Yankees","145","609","8","81","52","24","8.5 %","20.9 %",".143",".342",".273",".344",".416",".335","109","3.8","10.3","1.3","3.4","9927"
"Jonathan Lucroy","Brewers","147","580","18","59","82","9","7.9 %","11.9 %",".175",".290",".280",".340",".455",".345","116","-6.0","4.2","10.2","3.4","7870"
"Denard Span","Nationals","153","662","4","75","47","20","6.3 %","11.6 %",".102",".313",".279",".327",".380",".313","96","1.9","-0.8","12.4","3.4","8347"
"J.J. Hardy","Orioles","159","644","25","66","76","2","5.9 %","11.3 %",".170",".263",".263",".306",".433",".322","99","-3.2","-3.8","13.3","3.3","3797"
"David Ortiz","Red Sox","137","600","30","84","103","4","12.7 %","14.7 %",".255",".321",".309",".395",".564",".400","151","-8.3","26.4","-15.5","3.3","745"
"Eric Hosmer","Royals","159","680","17","86","79","11","7.5 %","14.7 %",".146",".335",".302",".353",".448",".350","120","0.9","16.4","-9.4","3.2","3516"
"Alexei Ramirez","White Sox","158","674","6","68","48","30","3.9 %","10.1 %",".096",".309",".284",".313",".380",".304","88","3.4","-5.7","12.7","3.2","5133"
"Alfonso Soriano","- - -","151","626","34","84","101","18","5.8 %","24.9 %",".234",".289",".255",".302",".489",".340","115","-0.5","10.0","-0.4","3.1","847"
"Todd Frazier","Reds","150","600","19","63","73","6","8.3 %","20.8 %",".173",".269",".234",".314",".407",".319","99","0.1","-0.7","11.7","3.1","785"
"Daniel Murphy","Mets","161","697","13","92","78","23","4.6 %","13.6 %",".129",".315",".286",".319",".415",".320","106","7.1","12.0","-4.4","3.0","4316"
"Pedro Alvarez","Pirates","152","614","36","70","100","2","7.8 %","30.3 %",".240",".276",".233",".296",".473",".330","112","-0.4","8.2","1.8","3.0","2495"
"Austin Jackson","Tigers","129","614","12","99","49","8","8.5 %","21.0 %",".145",".333",".272",".337",".417",".332","108","4.0","9.6","-1.8","3.0","9848"
"Alex Rios","- - -","156","662","18","83","81","42","6.2 %","16.3 %",".154",".311",".278",".324",".432",".330","105","5.8","9.4","-3.3","3.0","2090"
"Desmond Jennings","Rays","139","602","14","82","54","20","10.6 %","19.1 %",".161",".295",".252",".334",".414",".330","111","4.2","11.7","-3.7","3.0","1965"
"Andre Ethier","Dodgers","142","553","12","54","52","4","11.0 %","17.2 %",".151",".315",".272",".360",".423",".340","120","1.6","14.1","-2.7","3.0","6265"
"Justin Upton","Braves","149","643","27","94","70","8","11.7 %","25.0 %",".201",".321",".263",".354",".464",".357","129","4.1","25.0","-16.3","3.0","5222"
"Will Venable","Padres","151","515","22","64","53","22","5.6 %","22.9 %",".216",".313",".268",".312",".484",".342","122","4.0","16.7","-4.6","3.0","211"
"Adrian Gonzalez","Dodgers","157","641","22","69","100","1","7.3 %","15.3 %",".168",".315",".293",".342",".461",".346","124","-3.7","13.7","-5.5","2.9","1908"
"Leonys Martin","Rangers","147","508","8","66","49","36","5.5 %","20.5 %",".125",".319",".260",".313",".385",".308","87","7.7","0.0","10.2","2.9","11846"
"Elvis Andrus","Rangers","156","698","4","91","67","42","7.4 %","13.9 %",".060",".312",".271",".328",".331",".296","78","10.6","-6.7","10.1","2.8","8709"
"Torii Hunter","Tigers","144","652","17","90","84","3","4.0 %","17.3 %",".162",".344",".304",".334",".465",".346","118","1.4","14.5","-10.5","2.7","731"
"Gregor Blanco","Giants","141","511","3","50","41","14","10.2 %","18.6 %",".084",".328",".265",".341",".350",".307","100","-0.5","-0.2","10.3","2.7","3123"
"Marco Scutaro","Giants","127","547","2","57","31","2","8.2 %","6.2 %",".072",".314",".297",".357",".369",".325","112","0.3","8.0","0.6","2.7","1555"
"Ryan Zimmerman","Nationals","147","633","26","84","79","6","9.5 %","21.0 %",".190",".316",".275",".344",".465",".353","124","0.7","18.2","-12.3","2.7","4220"
"Ian Kinsler","Rangers","136","614","13","85","72","15","8.3 %","9.6 %",".136",".288",".277",".344",".413",".334","104","1.3","4.4","-0.3","2.6","6195"
"Howie Kendrick","Angels","122","513","13","55","54","6","4.5 %","17.3 %",".142",".340",".297",".335",".439",".336","117","-6.2","3.4","3.9","2.6","4229"
"James Loney","Rays","158","598","13","54","75","3","7.4 %","12.9 %",".131",".326",".299",".348",".430",".339","117","-2.3","9.3","-5.0","2.6","4556"
"Giancarlo Stanton","Marlins","116","504","24","62","62","1","14.7 %","27.8 %",".231",".313",".249",".365",".480",".368","137","1.4","22.2","-13.1","2.6","4949"
"Neil Walker","Pirates","133","551","16","62","53","1","9.1 %","15.4 %",".167",".274",".251",".339",".418",".333","115","-2.1","7.1","0.6","2.6","7539"
"Matt Wieters","Orioles","148","579","22","59","79","2","7.4 %","18.0 %",".182",".247",".235",".287",".417",".302","86","-1.0","-10.2","14.8","2.6","4298"
"Chris Johnson","Braves","142","547","12","54","68","0","5.3 %","21.2 %",".136",".394",".321",".358",".457",".354","127","-4.1","12.6","-5.2","2.5","1191"
"Brian Dozier","Twins","147","623","18","72","66","14","8.2 %","19.3 %",".170",".278",".244",".312",".414",".319","99","2.1","1.6","1.3","2.5","9810"
"Nate McLouth","Orioles","146","593","12","76","36","30","8.9 %","14.5 %",".141",".288",".258",".329",".399",".323","100","5.9","5.9","-2.2","2.5","3190"
"Alejandro De Aza","White Sox","153","675","17","84","62","20","7.4 %","21.8 %",".142",".318",".264",".323",".405",".320","99","4.5","4.2","-3.2","2.5","3371"
"Brandon Phillips","Reds","151","666","18","80","103","5","5.9 %","14.7 %",".135",".281",".261",".310",".396",".307","90","-0.3","-7.4","10.9","2.5","791"
"Allen Craig","Cardinals","134","563","13","71","97","2","7.1 %","17.8 %",".142",".368",".315",".373",".457",".363","134","-6.1","15.3","-9.1","2.5","3433"
"Nolan Arenado","Rockies","133","514","10","49","52","2","4.5 %","14.0 %",".138",".296",".267",".301",".405",".308","77","-1.6","-15.1","22.6","2.4","9777"
"Yoenis Cespedes","Athletics","135","574","26","74","80","7","6.4 %","23.9 %",".202",".274",".240",".294",".442",".318","102","2.3","3.6","-0.1","2.4","13110"
"Jedd Gyorko","Padres","125","525","23","62","63","1","6.3 %","23.4 %",".195",".287",".249",".301",".444",".325","110","0.3","6.2","0.5","2.4","10816"
"Prince Fielder","Tigers","162","712","25","82","106","1","10.5 %","16.4 %",".178",".307",".279",".362",".457",".358","126","-5.1","16.0","-17.7","2.3","4613"
"Michael Cuddyer","Rockies","130","540","20","74","84","10","8.5 %","18.5 %",".198",".382",".331",".389",".530",".396","138","1.1","24.0","-18.5","2.3","1534"
"Mark Trumbo","Angels","159","678","34","85","100","5","8.0 %","27.1 %",".219",".273",".234",".294",".453",".322","107","-2.5","2.7","-3.6","2.3","6876"
"Brandon Crawford","Giants","149","550","9","52","43","1","7.6 %","17.5 %",".114",".290",".248",".311",".363",".296","93","-0.7","-5.3","10.1","2.3","5343"
"Nick Swisher","Indians","145","634","22","74","63","1","12.1 %","21.8 %",".177",".288",".246",".341",".423",".336","113","-0.5","8.6","-9.8","2.1","4599"
"Brandon Moss","Athletics","145","505","30","73","87","4","9.9 %","27.7 %",".267",".301",".256",".337",".522",".369","137","-0.9","20.5","-18.0","2.1","4467"
"Pablo Sandoval","Giants","141","584","14","52","79","0","8.0 %","13.5 %",".139",".301",".278",".341",".417",".331","117","-7.3","3.8","-2.8","2.0","5409"
"Martin Prado","Diamondbacks","155","664","14","70","82","3","7.1 %","8.0 %",".135",".288",".282",".333",".417",".328","104","-8.6","-5.9","4.1","1.9","3312"
"Josh Hamilton","Angels","151","636","21","73","79","4","7.4 %","24.8 %",".182",".303",".250",".307",".432",".319","105","2.1","5.9","-9.0","1.9","1875"
"Anthony Rizzo","Cubs","160","690","23","71","80","6","11.0 %","18.4 %",".186",".258",".233",".323",".419",".325","105","-2.6","1.3","-3.9","1.9","3473"
"Carlos Beltran","Cardinals","145","600","24","79","84","2","6.3 %","15.0 %",".195",".314",".296",".339",".491",".359","131","0.7","21.5","-21.4","1.9","589"
"Nate Schierholtz","Cubs","137","503","21","56","68","6","5.8 %","18.7 %",".219",".270",".251",".301",".470",".331","109","2.2","7.6","-5.1","1.9","6201"
"Domonic Brown","Phillies","139","540","27","65","83","8","7.2 %","18.0 %",".222",".287",".272",".324",".494",".351","123","3.1","17.1","-15.9","1.9","3154"
"Zack Cozart","Reds","151","618","12","74","63","0","4.2 %","16.5 %",".127",".285",".254",".284",".381",".289","78","1.1","-14.4","13.1","1.8","2616"
"Jon Jay","Cardinals","157","628","7","75","67","10","8.3 %","16.4 %",".095",".325",".276",".351",".370",".319","103","0.5","2.8","-5.1","1.8","5227"
"Daniel Nava","Red Sox","134","536","12","77","66","0","9.5 %","17.4 %",".142",".352",".303",".385",".445",".366","127","0.2","16.8","-18.4","1.7","5450"
"Michael Bourn","Indians","130","575","6","75","50","23","7.0 %","23.0 %",".097",".338",".263",".316",".360",".300","88","3.9","-4.1","1.2","1.7","6387"
"Adam Lind","Blue Jays","143","521","23","67","67","1","9.8 %","19.8 %",".209",".324",".288",".357",".497",".368","132","-6.1","13.1","-15.5","1.6","8027"
"Jimmy Rollins","Phillies","160","666","6","65","39","22","8.9 %","14.0 %",".097",".288",".252",".318",".348",".295","84","2.8","-9.1","4.1","1.6","971"
"Michael Brantley","Indians","151","611","10","66","73","17","6.5 %","11.0 %",".112",".304",".284",".332",".396",".320","101","4.0","4.9","-10.8","1.5","4106"
"Erick Aybar","Angels","138","589","6","68","54","12","3.9 %","10.0 %",".111",".292",".271",".301",".382",".299","91","1.0","-5.1","-0.4","1.5","4082"
"Nori Aoki","Brewers","155","674","8","80","37","20","8.2 %","5.9 %",".084",".295",".286",".356",".370",".326","102","-4.3","-2.6","-3.5","1.5","13075"
"A.J. Pierzynski","Rangers","134","529","17","48","70","1","2.1 %","14.4 %",".153",".288",".272",".297",".425",".313","90","-4.9","-11.0","6.6","1.4","746"
"Ichiro Suzuki","Yankees","150","555","7","57","35","20","4.7 %","11.4 %",".081",".285",".262",".297",".342",".281","72","5.8","-11.7","5.5","1.3","1101"
"Kendrys Morales","Mariners","156","657","23","64","80","0","7.5 %","17.4 %",".171",".309",".277",".336",".449",".342","119","-7.6","6.8","-16.7","1.3","8610"
"Mike Moustakas","Royals","136","514","12","42","42","2","6.2 %","16.1 %",".131",".257",".233",".287",".364",".287","77","-2.0","-15.3","9.6","1.2","4892"
"Alcides Escobar","Royals","158","642","4","57","52","22","3.0 %","13.1 %",".066",".264",".234",".259",".300",".247","49","8.0","-28.9","18.0","1.1","6310"
"Billy Butler","Royals","162","668","15","62","82","0","11.8 %","15.3 %",".124",".326",".289",".374",".412",".345","117","-9.1","3.8","-16.1","1.0","7399"
"Eric Young","- - -","148","598","2","70","32","46","7.7 %","16.7 %",".087",".301",".249",".310",".336",".288","78","10.9","-4.0","-6.3","0.8","7158"
"Matt Dominguez","Astros","152","589","21","56","77","0","5.1 %","16.3 %",".162",".254",".241",".286",".403",".301","87","-3.3","-11.8","-0.2","0.8","4903"
"Victor Martinez","Tigers","159","668","14","68","83","0","8.1 %","9.3 %",".129",".313",".301",".355",".430",".340","113","-9.6","0.3","-14.9","0.8","393"
"Justin Morneau","- - -","152","635","17","62","77","0","7.9 %","17.3 %",".152",".290",".259",".323",".411",".321","101","-2.6","-1.6","-12.3","0.7","1737"
"Jose Altuve","Astros","152","672","5","64","52","35","4.8 %","12.6 %",".080",".316",".283",".316",".363",".297","84","-3.0","-15.0","-0.7","0.7","5417"
"Justin Smoak","Mariners","131","521","20","53","50","0","12.3 %","22.8 %",".174",".278",".238",".334",".412",".331","112","-4.4","2.9","-13.9","0.7","9054"
"Alberto Callaspo","- - -","136","516","10","52","58","0","10.3 %","9.1 %",".110",".266",".258",".333",".369",".312","99","-5.8","-6.1","-5.2","0.6","3336"
"Mitch Moreland","Rangers","147","518","23","60","60","0","8.7 %","22.6 %",".206",".255",".232",".299",".437",".320","95","-2.0","-5.2","-6.5","0.6","3086"
"Adam LaRoche","Nationals","152","590","20","70","62","4","12.2 %","22.2 %",".166",".277",".237",".332",".403",".321","102","-0.2","1.1","-13.3","0.6","1904"
"Dan Uggla","Braves","136","537","22","60","55","2","14.3 %","31.8 %",".183",".225",".179",".309",".362",".303","91","-1.6","-7.0","-4.0","0.5","3442"
"Chris Carter","Astros","148","585","29","64","82","2","12.0 %","36.2 %",".227",".311",".223",".320",".451",".337","112","-1.7","6.3","-20.9","0.5","9911"
"Asdrubal Cabrera","Indians","136","562","14","66","64","9","6.2 %","20.3 %",".159",".283",".242",".299",".402",".307","92","-2.7","-7.8","-7.7","0.3","4962"
"Adam Dunn","White Sox","149","607","34","60","86","1","12.5 %","31.1 %",".223",".266",".219",".320",".442",".331","107","-1.4","3.5","-20.9","0.3","319"
"Trevor Plouffe","Twins","129","522","14","44","52","2","6.5 %","21.5 %",".138",".301",".254",".309",".392",".309","92","-3.4","-8.0","-6.6","0.3","7462"
"Mark Reynolds","- - -","135","504","21","55","67","3","10.1 %","30.6 %",".173",".282",".220",".306",".393",".310","94","-0.2","-3.7","-10.4","0.3","7619"
"Darwin Barney","Cubs","141","555","7","49","41","4","6.5 %","11.5 %",".096",".222",".208",".266",".303",".252","54","-0.4","-29.1","14.7","0.2","2430"
"Starlin Castro","Cubs","161","705","10","59","44","9","4.3 %","18.3 %",".102",".290",".245",".284",".347",".280","74","-3.6","-24.4","4.0","0.1","4579"
"Ryan Doumit","Twins","135","538","14","49","55","1","8.9 %","18.4 %",".148",".282",".247",".314",".396",".311","94","-0.7","-4.7","-12.9","0.0","2113"
"Nick Markakis","Orioles","160","700","10","89","59","1","7.9 %","10.9 %",".085",".291",".271",".329",".356",".304","87","-0.6","-10.7","-14.1","-0.2","5930"
"David Freese","Cardinals","138","521","9","53","60","1","9.0 %","20.3 %",".119",".320",".262",".340",".381",".322","105","-6.7","-3.9","-14.9","-0.4","9549"
"Michael Young","- - -","147","565","8","52","46","1","7.6 %","14.7 %",".116",".319",".279",".335",".395",".320","102","-8.0","-6.7","-15.4","-0.6","1286"
"Paul Konerko","White Sox","126","520","12","41","54","0","8.7 %","14.2 %",".111",".265",".244",".313",".355",".298","84","-8.9","-18.2","-15.1","-1.8","242"
"Adeiny Hechavarria","Marlins","148","578","3","30","42","11","5.2 %","16.6 %",".072",".270",".227",".267",".298",".251","56","-5.0","-33.9","-2.3","-2.1","10459"
